chr	pos	ref	alt	SYMBOL	index	chr	pos	ref	alt	id	type	subtype	HGVSc	SYMBOL	Consequence	CADD_v1.5	CI-SpliceAI	PDIVAS	Pangolin	SQUIRLS	SpliceAI	SPiP	MaxEntScan	location	outcome
1	68435602	T	G	RPE65	1_68435602_ENST00000262340.6:c.1128+2585A>C_G	1	68435602	T	G	ENST00000262340.6:c.1128+2585A>C	snp	tv	ENST00000262340.6:c.1128+2585A>C	RPE65	intron_variant	0.0013	0.0	0.0	0.0	0.0071	0.0	0.0	0.091	intronic	Benign
1	93997549	G	A	ABCA4	1_93997549_ENST00000370225.4:c.6729+312C>T_A	1	93997549	G	A	ENST00000370225.4:c.6729+312C>T	snp	ts	ENST00000370225.4:c.6729+312C>T	ABCA4	intron_variant	0.8023	0.0		0.0	0.0084	0.0	0.0	1.635	intronic	Benign
1	94000598	T	C	ABCA4	1_94000598_ENST00000370225.4:c.6479+238A>G_C	1	94000598	T	C	ENST00000370225.4:c.6479+238A>G	snp	ts	ENST00000370225.4:c.6479+238A>G	ABCA4	intron_variant	0.4243	0.0		0.0	0.0071	0.01	0.0	1.387	intronic	Benign
1	94001452	C	T	ABCA4	1_94001452_ENST00000370225.4:c.6283-347G>A_T	1	94001452	C	T	ENST00000370225.4:c.6283-347G>A	snp	ts	ENST00000370225.4:c.6283-347G>A	ABCA4	intron_variant	0.18	0.0		0.0	0.0062	0.0	0.0	0.915	intronic	Benign
1	94002381	C	T	ABCA4	1_94002381_ENST00000370225.4:c.6148-389G>A_T	1	94002381	C	T	ENST00000370225.4:c.6148-389G>A	snp	ts	ENST00000370225.4:c.6148-389G>A	ABCA4	intron_variant	0.2164	0.0		0.029999999329447746	0.006	0.02	0.002	0.131	intronic	Benign
1	94002484	A	G	ABCA4	1_94002484_ENST00000370225.4:c.6148-492T>C_G	1	94002484	A	G	ENST00000370225.4:c.6148-492T>C	snp	ts	ENST00000370225.4:c.6148-492T>C	ABCA4	intron_variant	0.6209	0.08		0.12999999523162842	0.0063	0.14	0.0	0.432	intronic	Benign
1	94002647	A	G	ABCA4	1_94002647_ENST00000370225.4:c.6148-655T>C_G	1	94002647	A	G	ENST00000370225.4:c.6148-655T>C	snp	ts	ENST00000370225.4:c.6148-655T>C	ABCA4	intron_variant	0.6797	0.0		0.009999999776482582	0.0063	0.01	0.0	0.072	intronic	Benign
1	94002678	C	T	ABCA4	1_94002678_ENST00000370225.4:c.6148-686G>A_T	1	94002678	C	T	ENST00000370225.4:c.6148-686G>A	snp	ts	ENST00000370225.4:c.6148-686G>A	ABCA4	intron_variant	0.9153	0.0		0.009999999776482582	0.0061	0.0	0.008	1.734	intronic	Benign
1	94002737	T	C	ABCA4	1_94002737_ENST00000370225.4:c.6148-745A>G_C	1	94002737	T	C	ENST00000370225.4:c.6148-745A>G	snp	ts	ENST00000370225.4:c.6148-745A>G	ABCA4	intron_variant	0.9774	0.0		0.0	0.0069	0.0	0.0	6.163	intronic	Benign
1	94002769	A	G	ABCA4	1_94002769_ENST00000370225.4:c.6148-777T>C_G	1	94002769	A	G	ENST00000370225.4:c.6148-777T>C	snp	ts	ENST00000370225.4:c.6148-777T>C	ABCA4	intron_variant	0.4541	0.0		0.0	0.0061	0.0	0.0	0.384	intronic	Benign
1	94002786	G	A	ABCA4	1_94002786_ENST00000370225.4:c.6148-794C>T_A	1	94002786	G	A	ENST00000370225.4:c.6148-794C>T	snp	ts	ENST00000370225.4:c.6148-794C>T	ABCA4	intron_variant	0.0623	0.0		0.0	0.0061	0.0	0.0	1.016	intronic	Benign
1	94002801	G	A	ABCA4	1_94002801_ENST00000370225.4:c.6148-809C>T_A	1	94002801	G	A	ENST00000370225.4:c.6148-809C>T	snp	ts	ENST00000370225.4:c.6148-809C>T	ABCA4	intron_variant	0.5093	0.0		0.0	0.013	0.0	0.0	1.717	intronic	Benign
1	94007306	T	C	ABCA4	1_94007306_ENST00000370225.4:c.6005+328A>G_C	1	94007306	T	C	ENST00000370225.4:c.6005+328A>G	snp	ts	ENST00000370225.4:c.6005+328A>G	ABCA4	intron_variant	0.9593	0.0		0.0	0.0069	0.0	0.0	8.75	intronic	Benign
1	94007353	G	A	ABCA4	1_94007353_ENST00000370225.4:c.6005+281C>T_A	1	94007353	G	A	ENST00000370225.4:c.6005+281C>T	snp	ts	ENST00000370225.4:c.6005+281C>T	ABCA4	intron_variant	0.702	0.0		0.0	0.0087	0.0	0.0	0.856	intronic	Benign
1	94009171	A	G	ABCA4	1_94009171_ENST00000370225.4:c.5715-300T>C_G	1	94009171	A	G	ENST00000370225.4:c.5715-300T>C	snp	ts	ENST00000370225.4:c.5715-300T>C	ABCA4	intron_variant	0.1627	0.0		0.0	0.013	0.0	0.01	0.324	intronic	Benign
1	94010479	C	T	ABCA4	1_94010479_ENST00000370225.4:c.5714+321G>A_T	1	94010479	C	T	ENST00000370225.4:c.5714+321G>A	snp	ts	ENST00000370225.4:c.5714+321G>A	ABCA4	intron_variant	1.0624	0.0		0.0	0.0071	0.0	0.0	8.182	intronic	Benign
1	94011722	C	T	ABCA4	1_94011722_ENST00000370225.4:c.5461-337G>A_T	1	94011722	C	T	ENST00000370225.4:c.5461-337G>A	snp	ts	ENST00000370225.4:c.5461-337G>A	ABCA4	intron_variant	0.6923	0.0		0.0	0.0079	0.0	0.0	8.47	intronic	Benign
1	94015435	T	C	ABCA4	1_94015435_ENST00000370225.4:c.5312+304A>G_C	1	94015435	T	C	ENST00000370225.4:c.5312+304A>G	snp	ts	ENST00000370225.4:c.5312+304A>G	ABCA4	intron_variant	0.2234	0.0		0.0	0.0072	0.0	0.0	2.842	intronic	Benign
1	94018567	T	C	ABCA4	1_94018567_ENST00000370225.4:c.5196+1015A>G_C	1	94018567	T	C	ENST00000370225.4:c.5196+1015A>G	snp	ts	ENST00000370225.4:c.5196+1015A>G	ABCA4	intron_variant	0.1875	0.0		0.009999999776482582	0.007	0.01	0.0	0.177	intronic	Benign
1	94027143	C	G	ABCA4	1_94027143_ENST00000370225.4:c.4540-2095G>C_G	1	94027143	C	G	ENST00000370225.4:c.4540-2095G>C	snp	tv	ENST00000370225.4:c.4540-2095G>C	ABCA4	intron_variant	0.1846	0.01		0.009999999776482582	0.0077	0.0	0.072	8.686	intronic	Benign
1	94027217	T	C	ABCA4	1_94027217_ENST00000370225.4:c.4540-2169A>G_C	1	94027217	T	C	ENST00000370225.4:c.4540-2169A>G	snp	ts	ENST00000370225.4:c.4540-2169A>G	ABCA4	intron_variant	1.1298	0.01		0.0	0.0063	0.01	0.0	5.191	intronic	Benign
1	94027416	G	C	ABCA4	1_94027416_ENST00000370225.4:c.4539+2029C>G_C	1	94027416	G	C	ENST00000370225.4:c.4539+2029C>G	snp	tv	ENST00000370225.4:c.4539+2029C>G	ABCA4	intron_variant	0.0349	0.02		0.0	0.0072	0.02	0.004	2.08	intronic	Benign
1	94027675	G	T	ABCA4	1_94027675_ENST00000370225.4:c.4539+1770C>A_T	1	94027675	G	T	ENST00000370225.4:c.4539+1770C>A	snp	tv	ENST00000370225.4:c.4539+1770C>A	ABCA4	intron_variant	0.3452	0.0		0.0	0.0088	0.0	0.0	0.985	intronic	Benign
1	94027743	T	C	ABCA4	1_94027743_ENST00000370225.4:c.4539+1702A>G_C	1	94027743	T	C	ENST00000370225.4:c.4539+1702A>G	snp	ts	ENST00000370225.4:c.4539+1702A>G	ABCA4	intron_variant	0.5679	0.0		0.0	0.007	0.0	0.0	0.62	intronic	Benign
1	94029931	G	A	ABCA4	1_94029931_ENST00000370225.4:c.4353-300C>T_A	1	94029931	G	A	ENST00000370225.4:c.4353-300C>T	snp	ts	ENST00000370225.4:c.4353-300C>T	ABCA4	intron_variant	0.7306	0.0		0.0	0.0061	0.0	0.0	0.349	intronic	Benign
1	94044285	T	C	ABCA4	1_94044285_ENST00000370225.4:c.3050+328A>G_C	1	94044285	T	C	ENST00000370225.4:c.3050+328A>G	snp	ts	ENST00000370225.4:c.3050+328A>G	ABCA4	intron_variant	0.1064	0.0		0.0	0.0072	0.01	0.0	2.467	intronic	Benign
1	94060067	A	G	ABCA4	1_94060067_ENST00000370225.4:c.2160+470T>C_G	1	94060067	A	G	ENST00000370225.4:c.2160+470T>C	snp	ts	ENST00000370225.4:c.2160+470T>C	ABCA4	intron_variant	0.1459	0.0		0.0	0.0087	0.0	0.012	0.014	intronic	Benign
1	94098360	T	C	ABCA4	1_94098360_ENST00000370225.4:c.768+434A>G_C	1	94098360	T	C	ENST00000370225.4:c.768+434A>G	snp	ts	ENST00000370225.4:c.768+434A>G	ABCA4	intron_variant	0.8124	0.0		0.0	0.007	0.0	0.0	0.782	intronic	Benign
1	94100940	T	G	ABCA4	1_94100940_ENST00000370225.4:c.571-1949A>C_G	1	94100940	T	G	ENST00000370225.4:c.571-1949A>C	snp	tv	ENST00000370225.4:c.571-1949A>C	ABCA4	intron_variant	0.342	0.0		0.0	0.0062	0.0	0.006	3.837	intronic	Benign
1	94101007	G	A	ABCA4	1_94101007_ENST00000370225.4:c.570+2008C>T_A	1	94101007	G	A	ENST00000370225.4:c.570+2008C>T	snp	ts	ENST00000370225.4:c.570+2008C>T	ABCA4	intron_variant	0.2781	0.0		0.0	0.0062	0.0	0.006	1.522	intronic	Benign
1	94101127	T	C	ABCA4	1_94101127_ENST00000370225.4:c.570+1888A>G_C	1	94101127	T	C	ENST00000370225.4:c.570+1888A>G	snp	ts	ENST00000370225.4:c.570+1888A>G	ABCA4	intron_variant	0.5429	0.0		0.0	0.007	0.01	0.0	1.064	intronic	Benign
1	94101128	G	A	ABCA4	1_94101128_ENST00000370225.4:c.570+1887C>T_A	1	94101128	G	A	ENST00000370225.4:c.570+1887C>T	snp	ts	ENST00000370225.4:c.570+1887C>T	ABCA4	intron_variant	0.4721	0.0		0.0	0.0084	0.01	0.0	0.043	intronic	Benign
1	94111108	A	G	ABCA4	1_94111108_ENST00000370225.4:c.302+330T>C_G	1	94111108	A	G	ENST00000370225.4:c.302+330T>C	snp	ts	ENST00000370225.4:c.302+330T>C	ABCA4	intron_variant	0.5337	0.0		0.019999999552965164	0.0071	0.01	0.0	0.031	intronic	Benign
1	94111906	G	T	ABCA4	1_94111906_ENST00000370225.4:c.161-327C>A_T	1	94111906	G	T	ENST00000370225.4:c.161-327C>A	snp	tv	ENST00000370225.4:c.161-327C>A	ABCA4	intron_variant	0.5263	0.0		0.0	0.006	0.0	0.0	1.192	intronic	Benign
1	94120746	T	C	ABCA4	1_94120746_ENST00000370225.4:c.66+234A>G_C	1	94120746	T	C	ENST00000370225.4:c.66+234A>G	snp	ts	ENST00000370225.4:c.66+234A>G	ABCA4	intron_variant	0.2512	0.0		0.0	0.007	0.0	0.0	1.456	intronic	Benign
1	197428956	A	G	CRB1	1_197428956_ENST00000367400.8:c.2677-493A>G_G	1	197428956	A	G	ENST00000367400.8:c.2677-493A>G	snp	ts	ENST00000367400.8:c.2677-493A>G	CRB1	intron_variant	0.1664	0.04		0.0	0.0065	0.0	0.002	0.334	intronic	Benign
1	215648089	A	G	USH2A	1_215648089_ENST00000307340.8:c.14583-359T>C_G	1	215648089	A	G	ENST00000307340.8:c.14583-359T>C	snp	ts	ENST00000307340.8:c.14583-359T>C	USH2A	intron_variant	0.1518	0.0		0.0	0.0084	0.0	0.0	2.665	intronic	Benign
1	215728709	A	G	USH2A	1_215728709_ENST00000307340.8:c.11712-325T>C_G	1	215728709	A	G	ENST00000307340.8:c.11712-325T>C	snp	ts	ENST00000307340.8:c.11712-325T>C	USH2A	intron_variant	0.4841	0.0		0.009999999776482582	0.011	0.0	0.0	0.778	intronic	Benign
1	215759073	G	C	USH2A	1_215759073_ENST00000307340.8:c.11232-321C>G_C	1	215759073	G	C	ENST00000307340.8:c.11232-321C>G	snp	tv	ENST00000307340.8:c.11232-321C>G	USH2A	intron_variant	1.0781	0.0		0.0	0.0084	0.0	0.0	8.064	intronic	Benign
1	215790612	C	G	USH2A	1_215790612_ENST00000307340.8:c.9959-330G>C_G	1	215790612	C	G	ENST00000307340.8:c.9959-330G>C	snp	tv	ENST00000307340.8:c.9959-330G>C	USH2A	intron_variant	0.3579	0.0		0.0	0.0084	0.0	0.0	2.062	intronic	Benign
1	215790625	G	T	USH2A	1_215790625_ENST00000307340.8:c.9959-343C>A_T	1	215790625	G	T	ENST00000307340.8:c.9959-343C>A	snp	tv	ENST00000307340.8:c.9959-343C>A	USH2A	intron_variant	0.8471	0.0		0.0	0.01	0.0	0.0	0.165	intronic	Benign
1	215794515	T	C	USH2A	1_215794515_ENST00000307340.8:c.9959-4233A>G_C	1	215794515	T	C	ENST00000307340.8:c.9959-4233A>G	snp	ts	ENST00000307340.8:c.9959-4233A>G	USH2A	intron_variant	1.7142	0.0		0.0	0.01	0.01	0.0	6.923	intronic	Benign
1	215794583	A	G	USH2A	1_215794583_ENST00000307340.8:c.9959-4301T>C_G	1	215794583	A	G	ENST00000307340.8:c.9959-4301T>C	snp	ts	ENST00000307340.8:c.9959-4301T>C	USH2A	intron_variant	0.6662	0.01		0.10000000149011612	0.0084	0.08	0.0	0.665	intronic	Benign
1	215794732	C	T	USH2A	1_215794732_ENST00000307340.8:c.9958+4175G>A_T	1	215794732	C	T	ENST00000307340.8:c.9958+4175G>A	snp	ts	ENST00000307340.8:c.9958+4175G>A	USH2A	intron_variant	0.2739	0.0		0.0	0.01	0.0	0.0	0.166	intronic	Benign
1	215794736	A	G	USH2A	1_215794736_ENST00000307340.8:c.9958+4171T>C_G	1	215794736	A	G	ENST00000307340.8:c.9958+4171T>C	snp	ts	ENST00000307340.8:c.9958+4171T>C	USH2A	intron_variant	0.376	0.0		0.0	0.0085	0.0	0.0	1.526	intronic	Benign
1	215838450	G	T	USH2A	1_215838450_ENST00000307340.8:c.9259-347C>A_T	1	215838450	G	T	ENST00000307340.8:c.9259-347C>A	snp	tv	ENST00000307340.8:c.9259-347C>A	USH2A	intron_variant	0.8194	0.0		0.0	0.011	0.0	0.0	1.243	intronic	Benign
1	215866500	T	G	USH2A	1_215866500_ENST00000307340.8:c.8845+507A>C_G	1	215866500	T	G	ENST00000307340.8:c.8845+507A>C	snp	tv	ENST00000307340.8:c.8845+507A>C	USH2A	intron_variant	0.2078	0.0		0.009999999776482582	0.0084	0.01	0.0	4.007	intronic	Benign
1	215866625	T	C	USH2A	1_215866625_ENST00000307340.8:c.8845+382A>G_C	1	215866625	T	C	ENST00000307340.8:c.8845+382A>G	snp	ts	ENST00000307340.8:c.8845+382A>G	USH2A	intron_variant	1.2002	0.0		0.0	0.01	0.02	0.0	8.75	intronic	Benign
1	215877443	T	C	USH2A	1_215877443_ENST00000307340.8:c.8681+315A>G_C	1	215877443	T	C	ENST00000307340.8:c.8681+315A>G	snp	ts	ENST00000307340.8:c.8681+315A>G	USH2A	intron_variant	0.5501	0.0		0.0	0.0084	0.0	0.0	0.214	intronic	Benign
1	215889362	T	G	USH2A	1_215889362_ENST00000307340.8:c.7595-308A>C_G	1	215889362	T	G	ENST00000307340.8:c.7595-308A>C	snp	tv	ENST00000307340.8:c.7595-308A>C	USH2A	intron_variant	0.0752	0.0		0.0	0.0084	0.0	0.0	0.293	intronic	Benign
1	215890960	A	T		1_215890960_ENST00000307340.8:c.7595-1906T>A_T	1	215890960	A	T	ENST00000307340.8:c.7595-1906T>A	snp	tv	ENST00000414995.1:n.60+4319A>T		intron_variant&non_coding_transcript_variant	1.1026	0.0		0.0	0.0094	0.0	0.0	2.443	noncodingRNA	Benign
1	215891474	G	A		1_215891474_ENST00000307340.8:c.7595-2420C>T_A	1	215891474	G	A	ENST00000307340.8:c.7595-2420C>T	snp	ts	ENST00000414995.1:n.60+4833G>A		intron_variant&non_coding_transcript_variant	2.6899	0.0		0.009999999776482582	0.608	0.0	0.0	0.611	noncodingRNA	Benign
1	215891499	C	T		1_215891499_ENST00000307340.8:c.7595-2445G>A_T	1	215891499	C	T	ENST00000307340.8:c.7595-2445G>A	snp	ts	ENST00000414995.1:n.60+4858C>T		intron_variant&non_coding_transcript_variant	2.5881	0.0		0.0	0.031	0.0	0.0	0.043	noncodingRNA	Benign
1	216073878	G	T	USH2A-AS2	1_216073878_ENST00000307340.8:c.5573-578C>A_T	1	216073878	G	T	ENST00000307340.8:c.5573-578C>A	snp	tv	ENST00000446411.5:n.136+1278G>T	USH2A-AS2	intron_variant&non_coding_transcript_variant	0.8132	0.0		0.0	0.013	0.0	0.002	2.387	noncodingRNA	Benign
1	216074352	G	A	USH2A	1_216074352_ENST00000307340.8:c.5573-1052C>T_A	1	216074352	G	A	ENST00000307340.8:c.5573-1052C>T	snp	ts	ENST00000307340.8:c.5573-1052C>T	USH2A	intron_variant	1.2752	0.0		0.0	0.012	0.0	0.0	2.222	intronic	Benign
1	216167267	G	A	USH2A	1_216167267_ENST00000307340.8:c.4627+7985C>T_A	1	216167267	G	A	ENST00000307340.8:c.4627+7985C>T	snp	ts	ENST00000307340.8:c.4627+7985C>T	USH2A	intron_variant	0.1364	0.0	0.0	0.0	0.01	0.0	0.0	1.574	intronic	Benign
1	216175809	C	T	USH2A	1_216175809_ENST00000307340.8:c.4397-327G>A_T	1	216175809	C	T	ENST00000307340.8:c.4397-327G>A	snp	ts	ENST00000307340.8:c.4397-327G>A	USH2A	intron_variant	0.6698	0.0		0.0	0.0062	0.0	0.0	1.46	intronic	Benign
1	94016411	C	A	ABCA4	1_94016411_1:g.94481967C>A_A	1	94016411	C	A	1:g.94481967C>A	snp	tv	ENST00000370225.4:c.5197-557G>T	ABCA4	intron_variant	0.0068	0.69	0.832	0.6899999976158142	0.059	0.52	0.026	0.51	intronic	Pathogenic
1	94018366	G	T	ABCA4	1_94018366_1:g.94483922G>T_T	1	94018366	G	T	1:g.94483922G>T	snp	tv	ENST00000370225.4:c.5196+1216C>A	ABCA4	intron_variant	0.0794	0.05	0.474	0.23999999463558197	0.063	0.27	0.016	0.764	intronic	Pathogenic
1	94018445	C	T	ABCA4	1_94018445_1:g.94484001C>T_T	1	94018445	C	T	1:g.94484001C>T	snp	ts	ENST00000370225.4:c.5196+1137G>A	ABCA4	intron_variant	0.7278	0.11	0.178	0.38999998569488525	0.0091	0.15	0.004	5.25	intronic	Pathogenic
1	94018526	T	C	ABCA4	1_94018526_1:g.94484082T>C_C	1	94018526	T	C	1:g.94484082T>C	snp	ts	ENST00000370225.4:c.5196+1056A>G	ABCA4	intron_variant	2.6082	0.01	0.977	0.5199999809265137	0.052	0.61	0.21	5.744	intronic	Pathogenic
1	94018569	T	C	ABCA4	1_94018569_1:g.94484125T>C_C	1	94018569	T	C	1:g.94484125T>C	snp	ts	ENST00000370225.4:c.5196+1013A>G	ABCA4	intron_variant	3.7365	0.02	0.997	0.6899999976158142	0.122	0.85	0.174	0.144	intronic	Pathogenic
1	94024213	T	C	ABCA4	1_94024213_1:g.94489769T>C_C	1	94024213	T	C	1:g.94489769T>C	snp	ts	ENST00000370225.4:c.4634+741A>G	ABCA4	intron_variant	2.7629	0.16	0.965	0.4000000059604645	0.0079	0.48	0.114	1.9	intronic	Pathogenic
1	94027380	G	C	ABCA4	1_94027380_1:g.94492936G>C_C	1	94027380	G	C	1:g.94492936G>C	snp	tv	ENST00000370225.4:c.4539+2065C>G	ABCA4	intron_variant	0.9011	0.36	0.671	0.4099999964237213	0.0074	0.5	0.0	0.609	intronic	Pathogenic
1	94027381	G	A	ABCA4	1_94027381_1:g.94492937G>A_A	1	94027381	G	A	1:g.94492937G>A	snp	ts	ENST00000370225.4:c.4539+2064C>T	ABCA4	intron_variant	0.117	0.42	0.199	0.28999999165534973	0.0074	0.31	0.0	1.019	intronic	Pathogenic
1	94027417	G	A	ABCA4	1_94027417_1:g.94492973G>A_A	1	94027417	G	A	1:g.94492973G>A	snp	ts	ENST00000370225.4:c.4539+2028C>T	ABCA4	intron_variant	0.0794	0.0	0.043	0.0	0.0073	0.01	0.002	0.054	intronic	Pathogenic
1	94027444	C	T	ABCA4	1_94027444_1:g.94493000C>T_T	1	94027444	C	T	1:g.94493000C>T	snp	ts	ENST00000370225.4:c.4539+2001G>A	ABCA4	intron_variant	0.4665	0.12	0.159	0.009999999776482582	0.0072	0.04	0.0	0.822	intronic	Pathogenic
1	94028339	G	A	ABCA4	1_94028339_1:g.94493895G>A_A	1	94028339	G	A	1:g.94493895G>A	snp	ts	ENST00000370225.4:c.4539+1106C>T	ABCA4	intron_variant	0.2288	0.2	0.953	0.36000001430511475	0.017	0.39	0.058	0.441	intronic	Pathogenic
1	94028345	T	C	ABCA4	1_94028345_1:g.94493901T>C_C	1	94028345	T	C	1:g.94493901T>C	snp	ts	ENST00000370225.4:c.4539+1100A>G	ABCA4	intron_variant	0.6041	0.13	0.634	0.28999999165534973	0.045	0.28	0.104	1.727	intronic	Pathogenic
1	94044243	G	A	ABCA4	1_94044243_1:g.94509799G>A_A	1	94044243	G	A	1:g.94509799G>A	snp	ts	ENST00000370225.4:c.3050+370C>T	ABCA4	intron_variant	3.3989	0.6	0.997	0.7400000095367432	0.105	0.91	0.536	0.52	intronic	Pathogenic
1	94045127	G	A	ABCA4	1_94045127_1:g.94510683G>A_A	1	94045127	G	A	1:g.94510683G>A	snp	ts	ENST00000370225.4:c.2919-383C>T	ABCA4	intron_variant	0.0859	0.0	0.0	0.0	0.006	0.02	0.0	0.605	intronic	Pathogenic
1	94045570	A	T	ABCA4	1_94045570_1:g.94511126A>T_T	1	94045570	A	T	1:g.94511126A>T	snp	tv	ENST00000370225.4:c.2919-826T>A	ABCA4	intron_variant	1.1663	0.04	0.981	0.23000000417232513	0.042	0.56	0.124	8.367	intronic	Pathogenic
1	94052404	G	A	ABCA4	1_94052404_1:g.94517960G>A_A	1	94052404	G	A	1:g.94517960G>A	snp	ts	ENST00000370225.4:c.2588-706C>T	ABCA4	intron_variant	4.1684	0.91	0.998	0.8199999928474426	0.012	0.91	0.04	0.852	intronic	Pathogenic
1	94061273	T	C	ABCA4	1_94061273_1:g.94526829T>C_C	1	94061273	T	C	1:g.94526829T>C	snp	ts	ENST00000370225.4:c.1938-514A>G	ABCA4	intron_variant	1.106	0.5	0.984	0.3700000047683716	0.121	0.69	0.03	0.086	intronic	Pathogenic
1	94061378	T	C	ABCA4	1_94061378_1:g.94526934T>C_C	1	94061378	T	C	1:g.94526934T>C	snp	ts	ENST00000370225.4:c.1938-619A>G	ABCA4	intron_variant	1.0512	0.14	0.997	0.6800000071525574	0.285	0.69	0.08	1.259	intronic	Pathogenic
1	94061380	C	T	ABCA4	1_94061380_1:g.94526936C>T_T	1	94061380	C	T	1:g.94526936C>T	snp	ts	ENST00000370225.4:c.1938-621G>A	ABCA4	intron_variant	0.2346	0.01	0.559	0.15000000596046448	0.137	0.28	0.0	0.471	intronic	Pathogenic
1	94062142	G	C	ABCA4	1_94062142_1:g.94527698G>C_C	1	94062142	G	C	1:g.94527698G>C	snp	tv	ENST00000370225.4:c.1937+435C>G	ABCA4	intron_variant	1.8455	0.0	0.0	0.019999999552965164	0.0073	0.0	0.0	2.403	intronic	Pathogenic
1	94081224	C	G	ABCA4	1_94081224_1:g.94546780C>G_G	1	94081224	C	G	1:g.94546780C>G	snp	tv	ENST00000370225.4:c.859-506G>C	ABCA4	intron_variant	0.339	0.12	0.023	0.07000000029802322	0.0076	0.06	0.052	7.317	intronic	Pathogenic
1	94081258	G	C	ABCA4	1_94081258_1:g.94546814G>C_C	1	94081258	G	C	1:g.94546814G>C	snp	tv	ENST00000370225.4:c.859-540C>G	ABCA4	intron_variant	3.32	0.3	0.945	0.5400000214576721	0.01	0.65	0.0	1.729	intronic	Pathogenic
1	94081264	C	T	ABCA4	1_94081264_1:g.94546820C>T_T	1	94081264	C	T	1:g.94546820C>T	snp	ts	ENST00000370225.4:c.859-546G>A	ABCA4	intron_variant	0.893	0.02	0.386	0.17000000178813934	0.0098	0.23	0.0	1.85	intronic	Pathogenic
1	94081358	T	C	ABCA4	1_94081358_1:g.94546914T>C_C	1	94081358	T	C	1:g.94546914T>C	snp	ts	ENST00000370225.4:c.859-640A>G	ABCA4	intron_variant	5.3653	0.84	0.989	0.550000011920929	0.01	0.69	0.002	1.004	intronic	Pathogenic
1	94084225	G	A	ABCA4	1_94084225_1:g.94549781G>A_A	1	94084225	G	A	1:g.94549781G>A	snp	ts	ENST00000370225.4:c.769-784C>T	ABCA4	intron_variant	0.2578	0.03	0.011	0.09000000357627869	0.0061	0.08	0.0	0.665	intronic	Pathogenic
1	94084229	T	A	ABCA4	1_94084229_1:g.94549785T>A_A	1	94084229	T	A	1:g.94549785T>A	snp	tv	ENST00000370225.4:c.769-788A>T	ABCA4	intron_variant	0.1115	0.33	0.447	0.41999998688697815	0.0061	0.3	0.06	3.436	intronic	Pathogenic
1	94095571	G	A	ABCA4	1_94095571_1:g.94561127G>A_A	1	94095571	G	A	1:g.94561127G>A	snp	ts	ENST00000370225.4:c.768+3223C>T	ABCA4	intron_variant	0.4538	0.0	0.0	0.0	0.0069	0.0	0.0	2.72	intronic	Pathogenic
1	94101217	T	C	ABCA4	1_94101217_1:g.94566773T>C_C	1	94101217	T	C	1:g.94566773T>C	snp	ts	ENST00000370225.4:c.570+1798A>G	ABCA4	intron_variant	2.8863	0.9	0.828	0.800000011920929	0.249	0.98	0.462	0.57	intronic	Pathogenic
1	94115089	A	C	ABCA4	1_94115089_1:g.94580645A>C_C	1	94115089	A	C	1:g.94580645A>C	snp	tv	ENST00000370225.4:c.67-2023T>G	ABCA4	intron_variant	0.7429	0.09	0.566	0.4300000071525574	0.017	0.31	0.006	3.742	intronic	Pathogenic
1	215653970	T	C	USH2A	1_215653970_1:g.215827312T>C_C	1	215653970	T	C	1:g.215827312T>C	snp	ts	ENST00000307340.8:c.14134-3169A>G	USH2A	intron_variant	1.2258	0.12	0.828	0.6800000071525574	0.015	0.38	0.0	2.297	intronic	Pathogenic
1	215794441	T	C	USH2A	1_215794441_1:g.215967783T>C_C	1	215794441	T	C	1:g.215967783T>C	snp	ts	ENST00000307340.8:c.9959-4159A>G	USH2A	intron_variant	4.2741	0.44	0.995	0.8100000023841858	0.013	0.79	0.03	0.452	intronic	Pathogenic
1	215866379	G	A	USH2A	1_215866379_1:g.216039721G>A_A	1	215866379	G	A	1:g.216039721G>A	snp	ts	ENST00000307340.8:c.8845+628C>T	USH2A	intron_variant	0.7348	0.02	0.609	0.5299999713897705	0.016	0.33	0.018	0.965	intronic	Pathogenic
1	215891198	T	C	USH2A	1_215891198_1:g.216064540T>C_C	1	215891198	T	C	1:g.216064540T>C	snp	ts	ENST00000307340.8:c.7595-2144A>G	USH2A	intron_variant	5.2436	0.42	0.976	0.6899999976158142	0.529	0.69	0.116	1.885	intronic	Pathogenic
1	216074134	T	C	USH2A-AS2	1_216074134_1:g.216247476T>C_C	1	216074134	T	C	1:g.216247476T>C	snp	ts	ENST00000446411.5:n.136+1534T>C	USH2A-AS2	intron_variant&non_coding_transcript_variant	0.4065	0.19	0.522	0.23999999463558197	0.044	0.27	0.044	0.364	noncodingRNA	Pathogenic
1	216088638	T	C	USH2A	1_216088638_1:g.216261980T>C_C	1	216088638	T	C	1:g.216261980T>C	snp	ts	ENST00000307340.8:c.4885+375A>G	USH2A	intron_variant	2.9705	0.29	0.992	0.6499999761581421	0.039	0.67	0.054	1.16	intronic	Pathogenic
1	216179372	T	C	USH2A	1_216179372_1:g.216352714T>C_C	1	216179372	T	C	1:g.216352714T>C	snp	ts	ENST00000307340.8:c.4397-3890A>G	USH2A	intron_variant	1.5984	0.02	0.958	0.5299999713897705	0.063	0.48	0.028	8.75	intronic	Pathogenic
1	216289787	T	C	USH2A	1_216289787_1:g.216463129T>C_C	1	216289787	T	C	1:g.216463129T>C	snp	ts	ENST00000307340.8:c.1841-377A>G	USH2A	intron_variant	0.1284	0.0	0.062	0.05999999865889549	0.0097	0.15	0.036	0.612	intronic	Pathogenic
1	216322480	G	A	USH2A	1_216322480_1:g.216495822G>A_A	1	216322480	G	A	1:g.216495822G>A	snp	ts	ENST00000307340.8:c.1551-504C>T	USH2A	intron_variant	4.1633	0.82	0.947	0.6899999976158142	0.383	0.91	0.358	0.511	intronic	Pathogenic
1	216350564	C	A	USH2A	1_216350564_1:g.216523906C>A_A	1	216350564	C	A	1:g.216523906C>A	snp	tv	ENST00000307340.8:c.784+14389G>T	USH2A	intron_variant	0.1905	0.0	0.014	0.5	0.0073	0.03	0.0	2.284	intronic	Pathogenic
3	150942410	A	C	CLRN1	3_150942410_3:g.150660197A>C_C	3	150942410	A	C	3:g.150660197A>C	snp	tv	ENST00000327047.6:c.254-649T>G	CLRN1	intron_variant	0.2373	0.8	0.973	0.6700000166893005	0.286	0.85	0.258	7.064	intronic	Pathogenic
6	64519311	T	C	EYS	6_64519311_6:g.65229204T>C_C	6	64519311	T	C	6:g.65229204T>C	snp	ts	ENST00000503581.6:c.5644+70912A>G	EYS	intron_variant	3.3526	0.05	0.984	0.6200000047683716	0.0085	0.6	0.108	8.75	intronic	Pathogenic
7	33346372	C	T	BBS9	7_33346372_7:g.33385984C>T_T	7	33346372	C	T	7:g.33385984C>T	snp	ts	ENST00000242067.11:c.1329+1738C>T	BBS9	intron_variant	4.5644	0.23	0.994	0.6299999952316284	0.155	0.73	0.176	1.152	intronic	Pathogenic
8	43159853	T	C	HGSNAT	8_43159853_8:g.43014996T>C_C	8	43159853	T	C	8:g.43014996T>C	snp	ts	ENST00000379644.9:c.493+809T>C	HGSNAT	intron_variant	0.1668	0.32	0.703	0.5600000023841858	0.105	0.43	0.054	0.782	intronic	Pathogenic
10	124411670	G	C	OAT	10_124411670_10:g.126100239G>C_C	10	124411670	G	C	10:g.126100239G>C	snp	tv	ENST00000368845.6:c.199+303C>G	OAT	intron_variant	3.1081	0.1	0.985	0.5099999904632568	0.356	0.7	0.784	2.632	intronic	Pathogenic
11	66524211	C	T	ZDHHC24	11_66524211_11:g.66291682C>T_T	11	66524211	C	T	11:g.66291682C>T	snp	ts	ENST00000526986.5:c.*21+2725G>A	ZDHHC24	intron_variant	0.0246	0.03	0.0	0.019999999552965164	0.009	0.0	0.006	0.513	3primeUTR	Pathogenic
12	88101183	T	C	CEP290	12_88101183_12:g.88494960T>C_C	12	88101183	T	C	12:g.88494960T>C	snp	ts	ENST00000552810.6:c.2991+1655A>G	CEP290	intron_variant	0.9713	0.0	0.083	0.18000000715255737	0.0077	0.15	0.546	0.668	intronic	Pathogenic
12	88103859	A	C	CEP290	12_88103859_12:g.88497636A>C_C	12	88103859	A	C	12:g.88497636A>C	snp	tv	ENST00000552810.6:c.2818-848T>G	CEP290	intron_variant	3.6085	0.04	0.847	0.20999999344348907	0.011	0.65	0.0	0.81	intronic	Pathogenic
14	21320996	G	C	RPGRIP1	14_21320996_14:g.21789155G>C_C	14	21320996	G	C	14:g.21789155G>C	snp	tv	ENST00000400017.7:c.1468-263G>C	RPGRIP1	intron_variant	2.2806	0.11	0.512	0.4399999976158142	0.0064	0.31	0.084	3.96	intronic	Pathogenic
15	71815241	G	A	NR2E3	15_71815241_15:g.72107582G>A_A	15	71815241	G	A	15:g.72107582G>A	snp	ts	ENST00000617575.5:c.1100+1124G>A	NR2E3	intron_variant	0.7412	0.42	0.979	0.38999998569488525	0.01		0.016	7.955	intronic	Pathogenic
17	38339074	C	T	GPR179	17_38339074_17:g.36494957C>T_T	17	38339074	C	T	17:g.36494957C>T	snp	ts	ENST00000616987.5:c.903+343G>A	GPR179	intron_variant	4.6417	0.17	0.995	0.7099999785423279	0.009	0.86	0.566	7.955	intronic	Pathogenic
19	54130024	C	G	PRPF31	19_54130024_19:g.54633399C>G_G	19	54130024	C	G	19:g.54633399C>G	snp	tv	ENST00000321030.9:c.1374+654C>G	PRPF31	intron_variant	3.4949	0.01	0.906	0.5600000023841858	0.088	0.81	0.692	1.735	intronic	Pathogenic
X	13750239	A	G	OFD1	X_13750239_X:g.13768358A>G_G	X	13750239	A	G	X:g.13768358A>G	snp	ts	ENST00000340096.11:c.935+706A>G	OFD1	intron_variant	0.1108	0.37	0.868	0.3799999952316284	0.127	0.61	0.006	8.75	intronic	Pathogenic
X	38300884	C	T	RPGR	X_38300884_X:g.38160137C>T_T	X	38300884	C	T	X:g.38160137C>T	snp	ts	ENST00000645032.1:c.1059+363G>A	RPGR	intron_variant	1.0058	0.0	0.0	0.0	0.0073	0.0	0.0	1.069	intronic	Pathogenic
X	85872532	G	C	CHM	X_85872532_X:g.85127537G>C_C	X	85872532	G	C	X:g.85127537G>C	snp	tv	ENST00000357749.7:c.1770+520C>G	CHM	intron_variant	4.2276	0.94	0.993	0.8100000023841858	1.0	0.89	0.056	8.064	intronic	Pathogenic
X	85901709	T	C	CHM	X_85901709_X:g.85156714T>C_C	X	85901709	T	C	X:g.85156714T>C	snp	ts	ENST00000357749.7:c.1245-521A>G	CHM	intron_variant	4.6983	0.84	0.997	0.8199999928474426	0.012	0.82	0.02	8.75	intronic	Pathogenic
X	85965588	T	C	CHM	X_85965588_X:g.85220593T>C_C	X	85965588	T	C	X:g.85220593T>C	snp	ts	ENST00000357749.7:c.315-1536A>G	CHM	intron_variant	4.7182	0.48	0.993	0.800000011920929	0.015	0.95	0.004	8.75	intronic	Pathogenic
X	85968639	A	T	CHM	X_85968639_X:g.85223644A>T_T	X	85968639	A	T	X:g.85223644A>T	snp	tv	ENST00000357749.7:c.315-4587T>A	CHM	intron_variant	0.1119	0.88	0.997	0.8600000143051147	0.014	0.95	0.096	8.367	intronic	Pathogenic
