chr	pos	ref	alt	SYMBOL	index	chr	pos	ref	alt	id	type	subtype	HGVSc	SYMBOL	Consequence	SQUIRLS	SpliceAI	Pangolin	location	outcome
10	71712674	C	T	C10orf105	10_71712674_ENST00000224721:c.3230C>T_T	10	71712674	C	T	ENST00000224721:c.3230C>T	snp	ts	ENST00000441508.4:c.*3262G>A	C10orf105	3_prime_UTR_variant	0.08	0.0	0.0	3primeUTR	Benign
10	71712698	C	T	C10orf105	10_71712698_ENST00000224721:c.3254C>T_T	10	71712698	C	T	ENST00000224721:c.3254C>T	snp	ts	ENST00000441508.4:c.*3238G>A	C10orf105	3_prime_UTR_variant	0.05	0.02	0.009999999776482582	3primeUTR	Benign
10	71712805	A	T	C10orf105	10_71712805_ENST00000224721:c.3361A>T_T	10	71712805	A	T	ENST00000224721:c.3361A>T	snp	tv	ENST00000441508.4:c.*3131T>A	C10orf105	3_prime_UTR_variant	0.026	0.01	0.009999999776482582	3primeUTR	Benign
11	66521377	G	T	ZDHHC24	11_66521377_ENST00000318312:c.830+1G>T_T	11	66521377	G	T	ENST00000318312:c.830+1G>T	snp	tv	ENST00000851487.1:c.*126C>A	ZDHHC24	3_prime_UTR_variant	0.988	0.96	0.8299999833106995	3primeUTR	Benign
11	66521382	C	T	ZDHHC24	11_66521382_ENST00000318312:c.830+6C>T_T	11	66521382	C	T	ENST00000318312:c.830+6C>T	snp	ts	ENST00000851487.1:c.*121G>A	ZDHHC24	3_prime_UTR_variant	0.013	0.02	0.029999999329447746	3primeUTR	Benign
11	66523512	T	C	ZDHHC24	11_66523512_ENST00000318312:c.887T>C_C	11	66523512	T	C	ENST00000318312:c.887T>C	snp	ts	ENST00000851487.1:c.*37-2046A>G	ZDHHC24	intron_variant	0.558	0.04	0.03999999910593033	3primeUTR	Benign
11	66523724	G	A	ZDHHC24	11_66523724_ENST00000318312:c.952G>A_A	11	66523724	G	A	ENST00000318312:c.952G>A	snp	ts	ENST00000851487.1:c.*37-2258C>T	ZDHHC24	intron_variant	0.116	0.52	0.44999998807907104	3primeUTR	Benign
11	66529954	T	G	ZDHHC24	11_66529954_ENST00000318312:c.1473+2T>G_G	11	66529954	T	G	ENST00000318312:c.1473+2T>G	snp	tv	ENST00000851487.1:c.*37-8488A>C	ZDHHC24	intron_variant	0.981	0.99	0.8399999737739563	3primeUTR	Benign
15	43403697	G	T	TP53BP1	15_43403697_ENST00000260383:c.1749G>T_T	15	43403697	G	T	ENST00000260383:c.1749G>T	snp	tv	ENST00000382044.9:c.*3686C>A	TP53BP1	3_prime_UTR_variant	0.01	0.23	0.3700000047683716	3primeUTR	Benign
16	28477463	C	A	CLN3	16_28477463_ENST00000564091:c.*52+1G>T_A	16	28477463	C	A	ENST00000564091:c.*52+1G>T	snp	tv	ENST00000636147.2:c.*53G>T	CLN3	3_prime_UTR_variant	0.778	0.89	0.25	3primeUTR	Benign
22	41528017	G	A	POLR3H	22_41528017_ENST00000216254:c.2203G>A_A	22	41528017	G	A	ENST00000216254:c.2203G>A	snp	ts	ENST00000355209.9:c.*1266C>T	POLR3H	3_prime_UTR_variant	0.114	0.01	0.009999999776482582	3primeUTR	Benign
5	87383769	A	G	CCNH	5_87383769_ENST00000274376:c.2747A>G_G	5	87383769	A	G	ENST00000274376:c.2747A>G	snp	ts	ENST00000888806.1:c.*42-7251T>C	CCNH	intron_variant	0.047	0.42	0.05999999865889549	3primeUTR	Benign
6	10784484	C	T	TMEM14B	6_10784484_ENST00000313243:c.1405G>A_T	6	10784484	C	T	ENST00000313243:c.1405G>A	snp	ts	ENST00000463448.5:c.*120+14280C>T	TMEM14B	intron_variant&NMD_transcript_variant	0.011	0.1	0.029999999329447746	3primeUTR	Benign
6	10784573	C	A	TMEM14B	6_10784573_ENST00000313243:c.1317-1G>T_A	6	10784573	C	A	ENST00000313243:c.1317-1G>T	snp	tv	ENST00000463448.5:c.*120+14369C>A	TMEM14B	intron_variant&NMD_transcript_variant	0.966	0.93	0.8199999928474426	3primeUTR	Benign
6	10801936	C	T	TMEM14B	6_10801936_ENST00000313243:c.787G>A_T	6	10801936	C	T	ENST00000313243:c.787G>A	snp	ts	ENST00000463448.5:c.*120+31732C>T	TMEM14B	intron_variant&NMD_transcript_variant	0.0057	0.1	0.009999999776482582	3primeUTR	Benign
6	10802049	G	C	TMEM14B	6_10802049_ENST00000313243:c.674C>G_C	6	10802049	G	C	ENST00000313243:c.674C>G	snp	tv	ENST00000463448.5:c.*120+31845G>C	TMEM14B	intron_variant&NMD_transcript_variant	0.028	0.05	0.009999999776482582	3primeUTR	Benign
6	10803891	C	A	TMEM14B	6_10803891_ENST00000313243:c.492G>T_A	6	10803891	C	A	ENST00000313243:c.492G>T	snp	tv	ENST00000463448.5:c.*120+33687C>A	TMEM14B	intron_variant&NMD_transcript_variant	0.994	0.1	0.14000000059604645	3primeUTR	Benign
6	10808896	A	C	TMEM14B	6_10808896_ENST00000313243:c.405T>G_C	6	10808896	A	C	ENST00000313243:c.405T>G	snp	tv	ENST00000463448.5:c.*120+38692A>C	TMEM14B	intron_variant&NMD_transcript_variant	0.0063	0.01	0.019999999552965164	3primeUTR	Benign
6	10817874	T	C	TMEM14B	6_10817874_ENST00000313243:c.254A>G_C	6	10817874	T	C	ENST00000313243:c.254A>G	snp	ts	ENST00000463448.5:c.*121-33686T>C	TMEM14B	intron_variant&NMD_transcript_variant	0.032	0.0	0.009999999776482582	3primeUTR	Benign
6	10817922	A	C	TMEM14B	6_10817922_ENST00000313243:c.206T>G_C	6	10817922	A	C	ENST00000313243:c.206T>G	snp	tv	ENST00000463448.5:c.*121-33638A>C	TMEM14B	intron_variant&NMD_transcript_variant	0.155	0.0	0.029999999329447746	3primeUTR	Benign
11	66521269	G	T	ZDHHC24	11_66521269_ENST00000318312:c.724-1G>T_T	11	66521269	G	T	ENST00000318312:c.724-1G>T	snp	tv	ENST00000851487.1:c.*234C>A	ZDHHC24	3_prime_UTR_variant	0.978	0.97	0.8199999928474426	3primeUTR	Pathogenic
4	39278664	G	T	WDR19	4_39278664_ENST00000399820:c.*13+1G>T_T	4	39278664	G	T	ENST00000399820:c.*13+1G>T	snp	tv	ENST00000399820.8:c.*13+1G>T	WDR19	splice_donor_variant	0.887	0.99	0.8600000143051147	3primeUTR	Pathogenic
6	10791675	C	T	TMEM14B	6_10791675_ENST00000313243:c.1316G>A_T	6	10791675	C	T	ENST00000313243:c.1316G>A	snp	ts	ENST00000463448.5:c.*120+21471C>T	TMEM14B	intron_variant&NMD_transcript_variant	0.973	0.6	0.7099999785423279	3primeUTR	Pathogenic
6	10803719	C	A	TMEM14B	6_10803719_ENST00000313243:c.663+1G>T_A	6	10803719	C	A	ENST00000313243:c.663+1G>T	snp	tv	ENST00000463448.5:c.*120+33515C>A	TMEM14B	intron_variant&NMD_transcript_variant	0.979	0.99	0.8799999952316284	3primeUTR	Pathogenic
6	10803892	C	A	TMEM14B	6_10803892_ENST00000313243:c.492-1G>T_A	6	10803892	C	A	ENST00000313243:c.492-1G>T	snp	tv	ENST00000463448.5:c.*120+33688C>A	TMEM14B	intron_variant&NMD_transcript_variant	0.969	0.99	0.8700000047683716	3primeUTR	Pathogenic
