chr	pos	ref	alt	SYMBOL	index	chr	pos	ref	alt	id	type	subtype	HGVSc	SYMBOL	Consequence	CADD_v1.5	CI-SpliceAI	PDIVAS	Pangolin	SQUIRLS	SpliceAI	SPiP	MaxEntScan	location	intron_bin	intron_offset	which_ss	outcome
1	68435602	T	G	RPE65	1_68435602_ENST00000262340.6:c.1128+2585A>C_G	1	68435602	T	G	ENST00000262340.6:c.1128+2585A>C	snp	tv	ENST00000262340.6:c.1128+2585A>C	RPE65	intron_variant	0.0013	0.0	0.0	0.0	0.0071	0.0	0.0	0.091	intronic	1000+	2585.0	unclear	Benign
1	93997549	G	A	ABCA4	1_93997549_ENST00000370225.4:c.6729+312C>T_A	1	93997549	G	A	ENST00000370225.4:c.6729+312C>T	snp	ts	ENST00000370225.4:c.6729+312C>T	ABCA4	intron_variant	0.8023	0.0		0.0	0.0084	0.0	0.0	1.635	intronic	201-500	312.0	donor	Benign
1	94001452	C	T	ABCA4	1_94001452_ENST00000370225.4:c.6283-347G>A_T	1	94001452	C	T	ENST00000370225.4:c.6283-347G>A	snp	ts	ENST00000370225.4:c.6283-347G>A	ABCA4	intron_variant	0.18	0.0		0.0	0.0062	0.0	0.0	0.915	intronic	201-500	347.0	acceptor	Benign
1	94002381	C	T	ABCA4	1_94002381_ENST00000370225.4:c.6148-389G>A_T	1	94002381	C	T	ENST00000370225.4:c.6148-389G>A	snp	ts	ENST00000370225.4:c.6148-389G>A	ABCA4	intron_variant	0.2164	0.0		0.029999999329447746	0.006	0.02	0.002	0.131	intronic	201-500	389.0	acceptor	Benign
1	94002484	A	G	ABCA4	1_94002484_ENST00000370225.4:c.6148-492T>C_G	1	94002484	A	G	ENST00000370225.4:c.6148-492T>C	snp	ts	ENST00000370225.4:c.6148-492T>C	ABCA4	intron_variant	0.6209	0.08		0.12999999523162842	0.0063	0.14	0.0	0.432	intronic	201-500	492.0	acceptor	Benign
1	94002647	A	G	ABCA4	1_94002647_ENST00000370225.4:c.6148-655T>C_G	1	94002647	A	G	ENST00000370225.4:c.6148-655T>C	snp	ts	ENST00000370225.4:c.6148-655T>C	ABCA4	intron_variant	0.6797	0.0		0.009999999776482582	0.0063	0.01	0.0	0.072	intronic	501-1000	655.0	acceptor	Benign
1	94002678	C	T	ABCA4	1_94002678_ENST00000370225.4:c.6148-686G>A_T	1	94002678	C	T	ENST00000370225.4:c.6148-686G>A	snp	ts	ENST00000370225.4:c.6148-686G>A	ABCA4	intron_variant	0.9153	0.0		0.009999999776482582	0.0061	0.0	0.008	1.734	intronic	501-1000	686.0	acceptor	Benign
1	94002737	T	C	ABCA4	1_94002737_ENST00000370225.4:c.6148-745A>G_C	1	94002737	T	C	ENST00000370225.4:c.6148-745A>G	snp	ts	ENST00000370225.4:c.6148-745A>G	ABCA4	intron_variant	0.9774	0.0		0.0	0.0069	0.0	0.0	6.163	intronic	501-1000	745.0	acceptor	Benign
1	94002769	A	G	ABCA4	1_94002769_ENST00000370225.4:c.6148-777T>C_G	1	94002769	A	G	ENST00000370225.4:c.6148-777T>C	snp	ts	ENST00000370225.4:c.6148-777T>C	ABCA4	intron_variant	0.4541	0.0		0.0	0.0061	0.0	0.0	0.384	intronic	501-1000	777.0	acceptor	Benign
1	94002786	G	A	ABCA4	1_94002786_ENST00000370225.4:c.6148-794C>T_A	1	94002786	G	A	ENST00000370225.4:c.6148-794C>T	snp	ts	ENST00000370225.4:c.6148-794C>T	ABCA4	intron_variant	0.0623	0.0		0.0	0.0061	0.0	0.0	1.016	intronic	501-1000	794.0	acceptor	Benign
1	94002801	G	A	ABCA4	1_94002801_ENST00000370225.4:c.6148-809C>T_A	1	94002801	G	A	ENST00000370225.4:c.6148-809C>T	snp	ts	ENST00000370225.4:c.6148-809C>T	ABCA4	intron_variant	0.5093	0.0		0.0	0.013	0.0	0.0	1.717	intronic	501-1000	809.0	acceptor	Benign
1	94007306	T	C	ABCA4	1_94007306_ENST00000370225.4:c.6005+328A>G_C	1	94007306	T	C	ENST00000370225.4:c.6005+328A>G	snp	ts	ENST00000370225.4:c.6005+328A>G	ABCA4	intron_variant	0.9593	0.0		0.0	0.0069	0.0	0.0	8.75	intronic	201-500	328.0	donor	Benign
1	94009171	A	G	ABCA4	1_94009171_ENST00000370225.4:c.5715-300T>C_G	1	94009171	A	G	ENST00000370225.4:c.5715-300T>C	snp	ts	ENST00000370225.4:c.5715-300T>C	ABCA4	intron_variant	0.1627	0.0		0.0	0.013	0.0	0.01	0.324	intronic	201-500	300.0	acceptor	Benign
1	94010479	C	T	ABCA4	1_94010479_ENST00000370225.4:c.5714+321G>A_T	1	94010479	C	T	ENST00000370225.4:c.5714+321G>A	snp	ts	ENST00000370225.4:c.5714+321G>A	ABCA4	intron_variant	1.0624	0.0		0.0	0.0071	0.0	0.0	8.182	intronic	201-500	321.0	donor	Benign
1	94011722	C	T	ABCA4	1_94011722_ENST00000370225.4:c.5461-337G>A_T	1	94011722	C	T	ENST00000370225.4:c.5461-337G>A	snp	ts	ENST00000370225.4:c.5461-337G>A	ABCA4	intron_variant	0.6923	0.0		0.0	0.0079	0.0	0.0	8.47	intronic	201-500	337.0	acceptor	Benign
1	94015435	T	C	ABCA4	1_94015435_ENST00000370225.4:c.5312+304A>G_C	1	94015435	T	C	ENST00000370225.4:c.5312+304A>G	snp	ts	ENST00000370225.4:c.5312+304A>G	ABCA4	intron_variant	0.2234	0.0		0.0	0.0072	0.0	0.0	2.842	intronic	201-500	304.0	donor	Benign
1	94018567	T	C	ABCA4	1_94018567_ENST00000370225.4:c.5196+1015A>G_C	1	94018567	T	C	ENST00000370225.4:c.5196+1015A>G	snp	ts	ENST00000370225.4:c.5196+1015A>G	ABCA4	intron_variant	0.1875	0.0		0.009999999776482582	0.007	0.01	0.0	0.177	intronic	1000+	1015.0	unclear	Benign
1	94027143	C	G	ABCA4	1_94027143_ENST00000370225.4:c.4540-2095G>C_G	1	94027143	C	G	ENST00000370225.4:c.4540-2095G>C	snp	tv	ENST00000370225.4:c.4540-2095G>C	ABCA4	intron_variant	0.1846	0.01		0.009999999776482582	0.0077	0.0	0.072	8.686	intronic	1000+	2095.0	unclear	Benign
1	94027217	T	C	ABCA4	1_94027217_ENST00000370225.4:c.4540-2169A>G_C	1	94027217	T	C	ENST00000370225.4:c.4540-2169A>G	snp	ts	ENST00000370225.4:c.4540-2169A>G	ABCA4	intron_variant	1.1298	0.01		0.0	0.0063	0.01	0.0	5.191	intronic	1000+	2169.0	unclear	Benign
1	94027416	G	C	ABCA4	1_94027416_ENST00000370225.4:c.4539+2029C>G_C	1	94027416	G	C	ENST00000370225.4:c.4539+2029C>G	snp	tv	ENST00000370225.4:c.4539+2029C>G	ABCA4	intron_variant	0.0349	0.02		0.0	0.0072	0.02	0.004	2.08	intronic	1000+	2029.0	unclear	Benign
1	94027675	G	T	ABCA4	1_94027675_ENST00000370225.4:c.4539+1770C>A_T	1	94027675	G	T	ENST00000370225.4:c.4539+1770C>A	snp	tv	ENST00000370225.4:c.4539+1770C>A	ABCA4	intron_variant	0.3452	0.0		0.0	0.0088	0.0	0.0	0.985	intronic	1000+	1770.0	unclear	Benign
1	94027743	T	C	ABCA4	1_94027743_ENST00000370225.4:c.4539+1702A>G_C	1	94027743	T	C	ENST00000370225.4:c.4539+1702A>G	snp	ts	ENST00000370225.4:c.4539+1702A>G	ABCA4	intron_variant	0.5679	0.0		0.0	0.007	0.0	0.0	0.62	intronic	1000+	1702.0	unclear	Benign
1	94029931	G	A	ABCA4	1_94029931_ENST00000370225.4:c.4353-300C>T_A	1	94029931	G	A	ENST00000370225.4:c.4353-300C>T	snp	ts	ENST00000370225.4:c.4353-300C>T	ABCA4	intron_variant	0.7306	0.0		0.0	0.0061	0.0	0.0	0.349	intronic	201-500	300.0	acceptor	Benign
1	94044285	T	C	ABCA4	1_94044285_ENST00000370225.4:c.3050+328A>G_C	1	94044285	T	C	ENST00000370225.4:c.3050+328A>G	snp	ts	ENST00000370225.4:c.3050+328A>G	ABCA4	intron_variant	0.1064	0.0		0.0	0.0072	0.01	0.0	2.467	intronic	201-500	328.0	donor	Benign
1	94060067	A	G	ABCA4	1_94060067_ENST00000370225.4:c.2160+470T>C_G	1	94060067	A	G	ENST00000370225.4:c.2160+470T>C	snp	ts	ENST00000370225.4:c.2160+470T>C	ABCA4	intron_variant	0.1459	0.0		0.0	0.0087	0.0	0.012	0.014	intronic	201-500	470.0	donor	Benign
1	94098360	T	C	ABCA4	1_94098360_ENST00000370225.4:c.768+434A>G_C	1	94098360	T	C	ENST00000370225.4:c.768+434A>G	snp	ts	ENST00000370225.4:c.768+434A>G	ABCA4	intron_variant	0.8124	0.0		0.0	0.007	0.0	0.0	0.782	intronic	201-500	434.0	donor	Benign
1	94100940	T	G	ABCA4	1_94100940_ENST00000370225.4:c.571-1949A>C_G	1	94100940	T	G	ENST00000370225.4:c.571-1949A>C	snp	tv	ENST00000370225.4:c.571-1949A>C	ABCA4	intron_variant	0.342	0.0		0.0	0.0062	0.0	0.006	3.837	intronic	1000+	1949.0	unclear	Benign
1	94101007	G	A	ABCA4	1_94101007_ENST00000370225.4:c.570+2008C>T_A	1	94101007	G	A	ENST00000370225.4:c.570+2008C>T	snp	ts	ENST00000370225.4:c.570+2008C>T	ABCA4	intron_variant	0.2781	0.0		0.0	0.0062	0.0	0.006	1.522	intronic	1000+	2008.0	unclear	Benign
1	94101127	T	C	ABCA4	1_94101127_ENST00000370225.4:c.570+1888A>G_C	1	94101127	T	C	ENST00000370225.4:c.570+1888A>G	snp	ts	ENST00000370225.4:c.570+1888A>G	ABCA4	intron_variant	0.5429	0.0		0.0	0.007	0.01	0.0	1.064	intronic	1000+	1888.0	unclear	Benign
1	94101128	G	A	ABCA4	1_94101128_ENST00000370225.4:c.570+1887C>T_A	1	94101128	G	A	ENST00000370225.4:c.570+1887C>T	snp	ts	ENST00000370225.4:c.570+1887C>T	ABCA4	intron_variant	0.4721	0.0		0.0	0.0084	0.01	0.0	0.043	intronic	1000+	1887.0	unclear	Benign
1	94111108	A	G	ABCA4	1_94111108_ENST00000370225.4:c.302+330T>C_G	1	94111108	A	G	ENST00000370225.4:c.302+330T>C	snp	ts	ENST00000370225.4:c.302+330T>C	ABCA4	intron_variant	0.5337	0.0		0.019999999552965164	0.0071	0.01	0.0	0.031	intronic	201-500	330.0	donor	Benign
1	94111906	G	T	ABCA4	1_94111906_ENST00000370225.4:c.161-327C>A_T	1	94111906	G	T	ENST00000370225.4:c.161-327C>A	snp	tv	ENST00000370225.4:c.161-327C>A	ABCA4	intron_variant	0.5263	0.0		0.0	0.006	0.0	0.0	1.192	intronic	201-500	327.0	acceptor	Benign
1	197428956	A	G	CRB1	1_197428956_ENST00000367400.8:c.2677-493A>G_G	1	197428956	A	G	ENST00000367400.8:c.2677-493A>G	snp	ts	ENST00000367400.8:c.2677-493A>G	CRB1	intron_variant	0.1664	0.04		0.0	0.0065	0.0	0.002	0.334	intronic	201-500	493.0	acceptor	Benign
1	215648089	A	G	USH2A	1_215648089_ENST00000307340.8:c.14583-359T>C_G	1	215648089	A	G	ENST00000307340.8:c.14583-359T>C	snp	ts	ENST00000307340.8:c.14583-359T>C	USH2A	intron_variant	0.1518	0.0		0.0	0.0084	0.0	0.0	2.665	intronic	201-500	359.0	acceptor	Benign
1	215728709	A	G	USH2A	1_215728709_ENST00000307340.8:c.11712-325T>C_G	1	215728709	A	G	ENST00000307340.8:c.11712-325T>C	snp	ts	ENST00000307340.8:c.11712-325T>C	USH2A	intron_variant	0.4841	0.0		0.009999999776482582	0.011	0.0	0.0	0.778	intronic	201-500	325.0	acceptor	Benign
1	215759073	G	C	USH2A	1_215759073_ENST00000307340.8:c.11232-321C>G_C	1	215759073	G	C	ENST00000307340.8:c.11232-321C>G	snp	tv	ENST00000307340.8:c.11232-321C>G	USH2A	intron_variant	1.0781	0.0		0.0	0.0084	0.0	0.0	8.064	intronic	201-500	321.0	acceptor	Benign
1	215790612	C	G	USH2A	1_215790612_ENST00000307340.8:c.9959-330G>C_G	1	215790612	C	G	ENST00000307340.8:c.9959-330G>C	snp	tv	ENST00000307340.8:c.9959-330G>C	USH2A	intron_variant	0.3579	0.0		0.0	0.0084	0.0	0.0	2.062	intronic	201-500	330.0	acceptor	Benign
1	215790625	G	T	USH2A	1_215790625_ENST00000307340.8:c.9959-343C>A_T	1	215790625	G	T	ENST00000307340.8:c.9959-343C>A	snp	tv	ENST00000307340.8:c.9959-343C>A	USH2A	intron_variant	0.8471	0.0		0.0	0.01	0.0	0.0	0.165	intronic	201-500	343.0	acceptor	Benign
1	215794515	T	C	USH2A	1_215794515_ENST00000307340.8:c.9959-4233A>G_C	1	215794515	T	C	ENST00000307340.8:c.9959-4233A>G	snp	ts	ENST00000307340.8:c.9959-4233A>G	USH2A	intron_variant	1.7142	0.0		0.0	0.01	0.01	0.0	6.923	intronic	1000+	4233.0	unclear	Benign
1	215794583	A	G	USH2A	1_215794583_ENST00000307340.8:c.9959-4301T>C_G	1	215794583	A	G	ENST00000307340.8:c.9959-4301T>C	snp	ts	ENST00000307340.8:c.9959-4301T>C	USH2A	intron_variant	0.6662	0.01		0.10000000149011612	0.0084	0.08	0.0	0.665	intronic	1000+	4301.0	unclear	Benign
1	215794732	C	T	USH2A	1_215794732_ENST00000307340.8:c.9958+4175G>A_T	1	215794732	C	T	ENST00000307340.8:c.9958+4175G>A	snp	ts	ENST00000307340.8:c.9958+4175G>A	USH2A	intron_variant	0.2739	0.0		0.0	0.01	0.0	0.0	0.166	intronic	1000+	4175.0	unclear	Benign
1	215794736	A	G	USH2A	1_215794736_ENST00000307340.8:c.9958+4171T>C_G	1	215794736	A	G	ENST00000307340.8:c.9958+4171T>C	snp	ts	ENST00000307340.8:c.9958+4171T>C	USH2A	intron_variant	0.376	0.0		0.0	0.0085	0.0	0.0	1.526	intronic	1000+	4171.0	unclear	Benign
1	215838450	G	T	USH2A	1_215838450_ENST00000307340.8:c.9259-347C>A_T	1	215838450	G	T	ENST00000307340.8:c.9259-347C>A	snp	tv	ENST00000307340.8:c.9259-347C>A	USH2A	intron_variant	0.8194	0.0		0.0	0.011	0.0	0.0	1.243	intronic	201-500	347.0	acceptor	Benign
1	215866500	T	G	USH2A	1_215866500_ENST00000307340.8:c.8845+507A>C_G	1	215866500	T	G	ENST00000307340.8:c.8845+507A>C	snp	tv	ENST00000307340.8:c.8845+507A>C	USH2A	intron_variant	0.2078	0.0		0.009999999776482582	0.0084	0.01	0.0	4.007	intronic	501-1000	507.0	donor	Benign
1	215866625	T	C	USH2A	1_215866625_ENST00000307340.8:c.8845+382A>G_C	1	215866625	T	C	ENST00000307340.8:c.8845+382A>G	snp	ts	ENST00000307340.8:c.8845+382A>G	USH2A	intron_variant	1.2002	0.0		0.0	0.01	0.02	0.0	8.75	intronic	201-500	382.0	donor	Benign
1	215877443	T	C	USH2A	1_215877443_ENST00000307340.8:c.8681+315A>G_C	1	215877443	T	C	ENST00000307340.8:c.8681+315A>G	snp	ts	ENST00000307340.8:c.8681+315A>G	USH2A	intron_variant	0.5501	0.0		0.0	0.0084	0.0	0.0	0.214	intronic	201-500	315.0	donor	Benign
1	216073878	G	T	USH2A	1_216073878_ENST00000307340.8:c.5573-578C>A_T	1	216073878	G	T	ENST00000307340.8:c.5573-578C>A	snp	tv	ENST00000307340.8:c.5573-578C>A	USH2A	intron_variant	0.8132	0.0		0.0	0.013	0.0	0.002	8.042	intronic	501-1000	578.0	acceptor	Benign
1	216074352	G	A	USH2A	1_216074352_ENST00000307340.8:c.5573-1052C>T_A	1	216074352	G	A	ENST00000307340.8:c.5573-1052C>T	snp	ts	ENST00000307340.8:c.5573-1052C>T	USH2A	intron_variant	1.2752	0.0		0.0	0.012	0.0	0.0	2.222	intronic	1000+	1052.0	unclear	Benign
1	216167267	G	A	USH2A	1_216167267_ENST00000307340.8:c.4627+7985C>T_A	1	216167267	G	A	ENST00000307340.8:c.4627+7985C>T	snp	ts	ENST00000307340.8:c.4627+7985C>T	USH2A	intron_variant	0.1364	0.0	0.0	0.0	0.01	0.0	0.0	1.574	intronic	1000+	7985.0	unclear	Benign
1	216175809	C	T	USH2A	1_216175809_ENST00000307340.8:c.4397-327G>A_T	1	216175809	C	T	ENST00000307340.8:c.4397-327G>A	snp	ts	ENST00000307340.8:c.4397-327G>A	USH2A	intron_variant	0.6698	0.0		0.0	0.0062	0.0	0.0	1.46	intronic	201-500	327.0	acceptor	Benign
1	93998928	T	G	ABCA4	1_93998928_ENST00000370225.4:c.6480-818A>C_G	1	93998928	T	G	ENST00000370225.4:c.6480-818A>C	snp	tv	ENST00000370225.4:c.6480-818A>C	ABCA4	intron_variant	0.4371	0.0	0.0	0.0	0.0061	0.0	0.0	4.083	intronic	501-1000	818.0	acceptor	Pathogenic
1	94024213	T	C	ABCA4	1_94024213_ENST00000370225.4:c.4634+741A>G_C	1	94024213	T	C	ENST00000370225.4:c.4634+741A>G	snp	ts	ENST00000370225.4:c.4634+741A>G	ABCA4	intron_variant	2.7629	0.16	0.965	0.4000000059604645	0.0079	0.48	0.114	1.9	intronic	501-1000	741.0	donor	Pathogenic
1	94028339	G	A	ABCA4	1_94028339_ENST00000370225.4:c.4539+1106C>T_A	1	94028339	G	A	ENST00000370225.4:c.4539+1106C>T	snp	ts	ENST00000370225.4:c.4539+1106C>T	ABCA4	intron_variant	0.2288	0.2	0.953	0.36000001430511475	0.017	0.39	0.058	0.441	intronic	1000+	1106.0	unclear	Pathogenic
1	94040287	G	T	ABCA4	1_94040287_ENST00000370225.4:c.3523-160C>A_T	1	94040287	G	T	ENST00000370225.4:c.3523-160C>A	snp	tv	ENST00000370225.4:c.3523-160C>A	ABCA4	intron_variant	0.6148	0.0	0.0	0.0	0.0063	0.0	0.0	1.043	intronic	41-200	160.0	acceptor	Pathogenic
1	94046566	T	G	ABCA4	1_94046566_ENST00000370225.4:c.2918+353A>C_G	1	94046566	T	G	ENST00000370225.4:c.2918+353A>C	snp	tv	ENST00000370225.4:c.2918+353A>C	ABCA4	intron_variant	0.0821	0.0	0.001	0.0	0.0089	0.0	0.0	1.042	intronic	201-500	353.0	donor	Pathogenic
1	94050975	C	T	ABCA4	1_94050975_ENST00000370225.4:c.2653+658G>A_T	1	94050975	C	T	ENST00000370225.4:c.2653+658G>A	snp	ts	ENST00000370225.4:c.2653+658G>A	ABCA4	intron_variant	0.2356	0.0	0.0	0.0	0.0072	0.0	0.01	7.955	intronic	501-1000	658.0	donor	Pathogenic
1	94050984	G	C	ABCA4	1_94050984_ENST00000370225.4:c.2653+649C>G_C	1	94050984	G	C	ENST00000370225.4:c.2653+649C>G	snp	tv	ENST00000370225.4:c.2653+649C>G	ABCA4	intron_variant	0.2551	0.0	0.0	0.0	0.0085	0.0	0.018	1.394	intronic	501-1000	649.0	donor	Pathogenic
1	94059539	A	G	ABCA4	1_94059539_ENST00000370225.4:c.2160+998T>C_G	1	94059539	A	G	ENST00000370225.4:c.2160+998T>C	snp	ts	ENST00000370225.4:c.2160+998T>C	ABCA4	intron_variant	0.1903	0.0	0.0	0.0	0.0072	0.0	0.0	0.698	intronic	501-1000	998.0	donor	Pathogenic
1	94061273	T	C	ABCA4	1_94061273_ENST00000370225.4:c.1938-514A>G_C	1	94061273	T	C	ENST00000370225.4:c.1938-514A>G	snp	ts	ENST00000370225.4:c.1938-514A>G	ABCA4	intron_variant	1.106	0.5	0.984	0.3700000047683716	0.121	0.69	0.03	0.086	intronic	501-1000	514.0	acceptor	Pathogenic
1	94075406	C	A	ABCA4	1_94075406_ENST00000370225.4:c.1554+2284G>T_A	1	94075406	C	A	ENST00000370225.4:c.1554+2284G>T	snp	tv	ENST00000370225.4:c.1554+2284G>T	ABCA4	intron_variant	0.2682	0.0	0.0	0.0	0.0088	0.0	0.0	0.78	intronic	1000+	2284.0	unclear	Pathogenic
1	94081224	C	G	ABCA4	1_94081224_ENST00000370225.4:c.859-506G>C_G	1	94081224	C	G	ENST00000370225.4:c.859-506G>C	snp	tv	ENST00000370225.4:c.859-506G>C	ABCA4	intron_variant	0.339	0.12	0.023	0.07000000029802322	0.0076	0.06	0.052	7.317	intronic	501-1000	506.0	acceptor	Pathogenic
1	94084225	G	A	ABCA4	1_94084225_ENST00000370225.4:c.769-784C>T_A	1	94084225	G	A	ENST00000370225.4:c.769-784C>T	snp	ts	ENST00000370225.4:c.769-784C>T	ABCA4	intron_variant	0.2578	0.03	0.011	0.09000000357627869	0.0061	0.08	0.0	0.665	intronic	501-1000	784.0	acceptor	Pathogenic
1	94084229	T	A	ABCA4	1_94084229_ENST00000370225.4:c.769-788A>T_A	1	94084229	T	A	ENST00000370225.4:c.769-788A>T	snp	tv	ENST00000370225.4:c.769-788A>T	ABCA4	intron_variant	0.1115	0.33	0.447	0.41999998688697815	0.0061	0.3	0.06	3.436	intronic	501-1000	788.0	acceptor	Pathogenic
1	94101217	T	C	ABCA4	1_94101217_ENST00000370225.4:c.570+1798A>G_C	1	94101217	T	C	ENST00000370225.4:c.570+1798A>G	snp	ts	ENST00000370225.4:c.570+1798A>G	ABCA4	intron_variant	2.8863	0.9	0.828	0.800000011920929	0.249	0.98	0.462	0.57	intronic	1000+	1798.0	unclear	Pathogenic
1	94115269	C	T	ABCA4	1_94115269_ENST00000370225.4:c.67-2203G>A_T	1	94115269	C	T	ENST00000370225.4:c.67-2203G>A	snp	ts	ENST00000370225.4:c.67-2203G>A	ABCA4	intron_variant	0.9175	0.0	0.0	0.0	0.0061	0.01	0.0	0.059	intronic	1000+	2203.0	unclear	Pathogenic
1	94117794	G	A	ABCA4	1_94117794_ENST00000370225.4:c.66+3186C>T_A	1	94117794	G	A	ENST00000370225.4:c.66+3186C>T	snp	ts	ENST00000370225.4:c.66+3186C>T	ABCA4	intron_variant	1.3279	0.0	0.0	0.0	0.007	0.01	0.0	0.444	intronic	1000+	3186.0	unclear	Pathogenic
1	215653970	T	C	USH2A	1_215653970_ENST00000307340.8:c.14134-3169A>G_C	1	215653970	T	C	ENST00000307340.8:c.14134-3169A>G	snp	ts	ENST00000307340.8:c.14134-3169A>G	USH2A	intron_variant	1.2258	0.12	0.828	0.6800000071525574	0.015	0.38	0.0	2.297	intronic	1000+	3169.0	unclear	Pathogenic
1	215659213	T	C	USH2A	1_215659213_ENST00000307340.8:c.14134-8412A>G_C	1	215659213	T	C	ENST00000307340.8:c.14134-8412A>G	snp	ts	ENST00000307340.8:c.14134-8412A>G	USH2A	intron_variant	0.5221	0.0	0.0	0.0	0.0084	0.0	0.0	4.211	intronic	1000+	8412.0	unclear	Pathogenic
1	215662337	G	T	USH2A	1_215662337_ENST00000307340.8:c.14133+8635C>A_T	1	215662337	G	T	ENST00000307340.8:c.14133+8635C>A	snp	tv	ENST00000307340.8:c.14133+8635C>A	USH2A	intron_variant	0.9285	0.0	0.0	0.019999999552965164	0.012	0.0	0.0	0.682	intronic	1000+	8635.0	unclear	Pathogenic
1	215703095	C	T	USH2A	1_215703095_ENST00000307340.8:c.12067-22719G>A_T	1	215703095	C	T	ENST00000307340.8:c.12067-22719G>A	snp	ts	ENST00000307340.8:c.12067-22719G>A	USH2A	intron_variant	0.1504	0.0	0.0	0.0	0.0084	0.0	0.0	4.181	intronic	1000+	22719.0	unclear	Pathogenic
1	215867824	G	C	USH2A	1_215867824_ENST00000307340.8:c.8682-654C>G_C	1	215867824	G	C	ENST00000307340.8:c.8682-654C>G	snp	tv	ENST00000307340.8:c.8682-654C>G	USH2A	intron_variant	2.6462	0.06	0.51	0.1899999976158142	0.05	0.5	0.0	0.051	intronic	501-1000	654.0	acceptor	Pathogenic
1	215966223	A	G	USH2A	1_215966223_ENST00000307340.8:c.6958-744T>C_G	1	215966223	A	G	ENST00000307340.8:c.6958-744T>C	snp	ts	ENST00000307340.8:c.6958-744T>C	USH2A	intron_variant	0.999	0.0	0.0	0.0	0.01	0.0	0.0	0.207	intronic	501-1000	744.0	acceptor	Pathogenic
1	216400175	C	A	USH2A	1_216400175_ENST00000307340.8:c.651+18339G>T_A	1	216400175	C	A	ENST00000307340.8:c.651+18339G>T	snp	tv	ENST00000307340.8:c.651+18339G>T	USH2A	intron_variant	0.1172	0.0	0.0	0.0	0.0085	0.0	0.0	0.82	intronic	1000+	18339.0	unclear	Pathogenic
3	170505802	C	T	SLC7A14	3_170505802_ENST00000231706.6:c.305-4457G>A_T	3	170505802	C	T	ENST00000231706.6:c.305-4457G>A	snp	ts	ENST00000231706.6:c.305-4457G>A	SLC7A14	intron_variant	0.3265	0.0	0.0	0.0	0.01	0.02	0.0	0.467	intronic	1000+	4457.0	unclear	Pathogenic
4	646709	G	A	PDE6B	4_646709_ENST00000496514.6:c.712-7143G>A_A	4	646709	G	A	ENST00000496514.6:c.712-7143G>A	snp	ts	ENST00000496514.6:c.712-7143G>A	PDE6B	intron_variant	0.5604	0.0	0.0	0.0	0.0063	0.0	0.002	7.955	intronic	1000+	7143.0	unclear	Pathogenic
4	15990725	C	G	PROM1	4_15990725_ENST00000447510.7:c.1983+497G>C_G	4	15990725	C	G	ENST00000447510.7:c.1983+497G>C	snp	tv	ENST00000447510.7:c.1983+497G>C	PROM1	intron_variant	0.1451	0.0	0.0	0.0	0.0072	0.0	0.0	2.134	intronic	201-500	497.0	donor	Pathogenic
4	127894590	A	T	PLK4	4_127894590_ENST00000270861.10:c.2563-363A>T_T	4	127894590	A	T	ENST00000270861.10:c.2563-363A>T	snp	tv	ENST00000270861.10:c.2563-363A>T	PLK4	intron_variant	0.1678	0.0	0.0	0.0	0.006	0.0	0.002	1.53	intronic	201-500	363.0	acceptor	Pathogenic
5	90797750	G	A	ADGRV1	5_90797750_ENST00000405460.9:c.14518-4989G>A_A	5	90797750	G	A	ENST00000405460.9:c.14518-4989G>A	snp	ts	ENST00000405460.9:c.14518-4989G>A	ADGRV1	intron_variant	0.9573	0.0	0.0	0.0	0.015	0.0	0.0	0.973	intronic	1000+	4989.0	unclear	Pathogenic
5	91039673	A	C	ADGRV1	5_91039673_ENST00000405460.9:c.18153-32774A>C_C	5	91039673	A	C	ENST00000405460.9:c.18153-32774A>C	snp	tv	ENST00000405460.9:c.18153-32774A>C	ADGRV1	intron_variant	0.3776	0.0	0.0	0.0	0.0084	0.0	0.0	0.461	intronic	1000+	32774.0	unclear	Pathogenic
6	63802426	G	C	EYS	6_63802426_ENST00000503581.6:c.7411+3764C>G_C	6	63802426	G	C	ENST00000503581.6:c.7411+3764C>G	snp	tv	ENST00000503581.6:c.7411+3764C>G	EYS	intron_variant	0.3104	0.0	0.0	0.029999999329447746	0.012	0.0	0.0	1.079	intronic	1000+	3764.0	unclear	Pathogenic
6	63964152	T	C	EYS	6_63964152_ENST00000503581.6:c.7055+20231A>G_C	6	63964152	T	C	ENST00000503581.6:c.7055+20231A>G	snp	ts	ENST00000503581.6:c.7055+20231A>G	EYS	intron_variant	1.6618	1.0	0.634	0.8199999928474426	0.012	0.99	0.004	0.63	intronic	1000+	20231.0	unclear	Pathogenic
6	64024854	G	A	EYS	6_64024854_ENST00000503581.6:c.6726-25671C>T_A	6	64024854	G	A	ENST00000503581.6:c.6726-25671C>T	snp	ts	ENST00000503581.6:c.6726-25671C>T	EYS	intron_variant	0.1015	0.0	0.0	0.0	0.011	0.01	0.0	1.22	intronic	1000+	25671.0	unclear	Pathogenic
6	64373656	G	A	EYS	6_64373656_ENST00000503581.6:c.6078+15034C>T_A	6	64373656	G	A	ENST00000503581.6:c.6078+15034C>T	snp	ts	ENST00000503581.6:c.6078+15034C>T	EYS	intron_variant	1.1776	0.0	0.0	0.0	0.0084	0.0	0.0	0.247	intronic	1000+	15034.0	unclear	Pathogenic
6	65224453	T	C	EYS	6_65224453_ENST00000503581.6:c.2023+71410A>G_C	6	65224453	T	C	ENST00000503581.6:c.2023+71410A>G	snp	ts	ENST00000503581.6:c.2023+71410A>G	EYS	intron_variant	0.213	0.0	0.0	0.019999999552965164	0.013	0.02	0.0	0.191	intronic	1000+	71410.0	unclear	Pathogenic
6	65226028	A	C	EYS	6_65226028_ENST00000503581.6:c.2023+69835T>G_C	6	65226028	A	C	ENST00000503581.6:c.2023+69835T>G	snp	tv	ENST00000503581.6:c.2023+69835T>G	EYS	intron_variant	3.1439	0.6	0.94	0.6800000071525574	0.011	0.6	0.008	2.156	intronic	1000+	69835.0	unclear	Pathogenic
6	65283565	A	G	EYS	6_65283565_ENST00000503581.6:c.2023+12298T>C_G	6	65283565	A	G	ENST00000503581.6:c.2023+12298T>C	snp	ts	ENST00000503581.6:c.2023+12298T>C	EYS	intron_variant	0.3503	0.0	0.0	0.0	0.0084	0.0	0.0	0.338	intronic	1000+	12298.0	unclear	Pathogenic
6	65345720	C	T	EYS	6_65345720_ENST00000503581.6:c.1460-1543G>A_T	6	65345720	C	T	ENST00000503581.6:c.1460-1543G>A	snp	ts	ENST00000503581.6:c.1460-1543G>A	EYS	intron_variant	0.0169	0.0	0.0	0.0	0.0061	0.0	0.0	0.903	intronic	1000+	1543.0	unclear	Pathogenic
6	65446195	C	T	EYS	6_65446195_ENST00000503581.6:c.863-40828G>A_T	6	65446195	C	T	ENST00000503581.6:c.863-40828G>A	snp	ts	ENST00000503581.6:c.863-40828G>A	EYS	intron_variant	0.2974	0.0	0.0	0.0	0.006	0.0	0.0	0.852	intronic	1000+	40828.0	unclear	Pathogenic
6	72106499	T	A	RIMS1	6_72106499_ENST00000521978.6:c.471+6513T>A_A	6	72106499	T	A	ENST00000521978.6:c.471+6513T>A	snp	tv	ENST00000521978.6:c.471+6513T>A	RIMS1	intron_variant	0.5931	0.12	0.02	0.4300000071525574	0.0094	0.59	0.0	8.367	intronic	1000+	6513.0	unclear	Pathogenic
8	99416820	C	T	VPS13B	8_99416820_ENST00000357162.7:c.3083-14717C>T_T	8	99416820	C	T	ENST00000357162.7:c.3083-14717C>T	snp	ts	ENST00000357162.7:c.3083-14717C>T	VPS13B	intron_variant	0.2664	0.0	0.0	0.0	0.01	0.0	0.0	0.199	intronic	1000+	14717.0	unclear	Pathogenic
11	117396360	G	A	CEP164	11_117396360_ENST00000278935.8:c.3216+180G>A_A	11	117396360	G	A	ENST00000278935.8:c.3216+180G>A	snp	ts	ENST00000278935.8:c.3216+180G>A	CEP164	intron_variant	0.8708	0.01	0.007	0.07000000029802322	0.0084	0.1	0.006	0.148	intronic	41-200	180.0	donor	Pathogenic
12	88101183	T	C	CEP290	12_88101183_ENST00000552810.6:c.2991+1655A>G_C	12	88101183	T	C	ENST00000552810.6:c.2991+1655A>G	snp	ts	ENST00000552810.6:c.2991+1655A>G	CEP290	intron_variant	0.9713	0.0	0.083	0.18000000715255737	0.0077	0.15	0.546	0.668	intronic	1000+	1655.0	unclear	Pathogenic
12	88118025	A	G	CEP290	12_88118025_ENST00000552810.6:c.1711+458T>C_G	12	88118025	A	G	ENST00000552810.6:c.1711+458T>C	snp	ts	ENST00000552810.6:c.1711+458T>C	CEP290	intron_variant	0.0943	0.0	0.0	0.0	0.0073	0.01	0.0	3.758	intronic	201-500	458.0	donor	Pathogenic
12	94311588	A	T	CEP83	12_94311588_ENST00000397809.10:c.1811+1326T>A_T	12	94311588	A	T	ENST00000397809.10:c.1811+1326T>A	snp	tv	ENST00000397809.10:c.1811+1326T>A	CEP83	intron_variant	0.1173	0.0	0.0	0.0	0.0084	0.0	0.0	0.45	intronic	1000+	1326.0	unclear	Pathogenic
15	71815241	G	A	NR2E3	15_71815241_ENST00000617575.5:c.1100+1124G>A_A	15	71815241	G	A	ENST00000617575.5:c.1100+1124G>A	snp	ts	ENST00000617575.5:c.1100+1124G>A	NR2E3	intron_variant	0.7412	0.42	0.979	0.38999998569488525	0.01		0.016	7.955	intronic	1000+	1124.0	unclear	Pathogenic
16	53624469	G	A	RPGRIP1L	16_53624469_ENST00000647211.2:c.3295-2113C>T_A	16	53624469	G	A	ENST00000647211.2:c.3295-2113C>T	snp	ts	ENST00000647211.2:c.3295-2113C>T	RPGRIP1L	intron_variant	0.5898	0.02	0.0	0.0	0.01	0.06	0.0	0.194	intronic	1000+	2113.0	unclear	Pathogenic
16	53698990	G	A	RPGRIP1L	16_53698990_ENST00000647211.2:c.85+1649C>T_A	16	53698990	G	A	ENST00000647211.2:c.85+1649C>T	snp	ts	ENST00000647211.2:c.85+1649C>T	RPGRIP1L	intron_variant	0.4272	0.0	0.0	0.0	0.0084	0.01	0.0	1.304	intronic	1000+	1649.0	unclear	Pathogenic
X	13750239	A	G	OFD1	X_13750239_ENST00000340096.11:c.935+706A>G_G	X	13750239	A	G	ENST00000340096.11:c.935+706A>G	snp	ts	ENST00000340096.11:c.935+706A>G	OFD1	intron_variant	0.1108	0.37	0.868	0.3799999952316284	0.127	0.61	0.006	8.75	intronic	501-1000	706.0	donor	Pathogenic
